{
    "mean_train": [
        85.02825164794922,
        174.2342987060547,
        3.028627634048462,
        275.7379455566406,
        292.9722595214844,
        0.004587818868458271,
        0.0,
        3.7182743549346924,
        7520.138671875,
        8.426247596740723,
        20.463523864746094,
        0.002685546875
    ],
    "std_train": [
        19.801136016845703,
        8.147205352783203,
        0.10907813906669617,
        0.755190372467041,
        1.481658697128296,
        9.258011414203793e-05,
        0.0,
        0.5292743444442749,
        671.9285888671875,
        34.163814544677734,
        1.0418782234191895,
        0.05175263062119484
    ],
    "mean_val": [
        108.59197235107422,
        158.89706420898438,
        3.880126714706421,
        279.284912109375,
        293.6429748535156,
        0.008598239161074162,
        5.8984293937683105,
        3.3764686584472656,
        5017.6689453125,
        18.248910903930664,
        15.89253044128418,
        -0.002685546875
    ],
    "std_val": [
        15.287256240844727,
        7.3266425132751465,
        0.12973587214946747,
        1.7787811756134033,
        0.5796011686325073,
        0.0003387893666513264,
        0.929695725440979,
        0.3000352084636688,
        1135.2401123046875,
        83.41753387451172,
        1.6888964176177979,
        0.05627269297838211
    ],
    "mean_test": [
        59.29694366455078,
        200.95701599121094,
        3.5880794525146484,
        282.28472900390625,
        298.4062194824219,
        0.00936421100050211,
        5.464537620544434,
        1.391479730606079,
        7586.86376953125,
        19.895322799682617,
        27.55467987060547,
        0.000732421875
    ],
    "std_test": [
        17.638673782348633,
        5.568115234375,
        0.23942714929580688,
        1.6369750499725342,
        0.9882117509841919,
        0.0004677789402194321,
        5.4634881019592285,
        0.7775277495384216,
        705.2716064453125,
        96.60010528564453,
        3.8770155906677246,
        0.027053380385041237
    ]
}