{
    "mean_train": [
        4.1765829905671126e-08,
        -7.640090338156824e-09,
        3.651963424999849e-07,
        3.2177515549847158e-06,
        -4.4567194379396824e-08,
        2.3455078235201654e-07,
        -9.244509868722162e-08,
        -8.735170098361777e-08,
        -5.258929149931646e-07,
        5.679133963099048e-08,
        1.1001730371162921e-07,
        1.4388837676904132e-08
    ],
    "std_train": [
        0.9999997019767761,
        0.9999995231628418,
        0.9999994039535522,
        0.9999840259552002,
        0.9999889731407166,
        0.9999993443489075,
        1.0000008344650269,
        1.0000001192092896,
        1.0000008344650269,
        1.000000238418579,
        1.0,
        1.0000004768371582
    ],
    "mean_val": [
        2.3168645668647514e-07,
        -1.1066076694987714e-06,
        -2.1542776096339367e-07,
        -1.9103970316791674e-06,
        5.922231139265932e-06,
        1.585223117217538e-07,
        -2.100928782056144e-07,
        -2.4388048913692728e-08,
        5.619413059321232e-07,
        6.8591383239891e-08,
        4.064674818948788e-09,
        -3.048506158620512e-08
    ],
    "std_val": [
        0.9999986290931702,
        1.0000026226043701,
        1.0000016689300537,
        1.0000402927398682,
        0.9999547004699707,
        1.000000238418579,
        0.9999980330467224,
        1.0,
        1.0000009536743164,
        0.9999999403953552,
        0.9999992847442627,
        0.9999998807907104
    ],
    "mean_test": [
        1.1292768675730258e-07,
        3.020815597665205e-08,
        9.937635923051857e-07,
        1.099068754228938e-06,
        6.030338681739522e-06,
        2.732849964104389e-07,
        3.2071463351712737e-07,
        2.97564469065037e-07,
        -9.034215153747027e-09,
        4.347715787389461e-08,
        3.986347394402401e-07,
        2.258553788436757e-09
    ],
    "std_test": [
        0.9999992847442627,
        1.0000001192092896,
        0.9999988079071045,
        1.000035285949707,
        0.9998183250427246,
        0.9999989867210388,
        1.0000026226043701,
        1.000000238418579,
        0.9999997615814209,
        0.9999998807907104,
        0.9999977946281433,
        0.9999979734420776
    ]
}