{
    "mean_train": [
        896.5712890625,
        146.64651489257812,
        3.627847909927368,
        281.85205078125,
        297.7166442871094,
        0.006526318844407797,
        0.3234284222126007,
        -0.7728704810142517,
        5350.68212890625,
        30.46031951904297,
        53.46910095214844,
        -0.002722854958847165
    ],
    "std_train": [
        842.6104736328125,
        3435.083740234375,
        1.309216022491455,
        18.497465133666992,
        19.458288192749023,
        0.0037355374079197645,
        1.5336638689041138,
        2.44071888923645,
        2185.216796875,
        214.20001220703125,
        25.09798240661621,
        0.13831192255020142
    ],
    "mean_val": [
        919.8342895507812,
        193.10752868652344,
        3.874065637588501,
        282.0809020996094,
        297.9835205078125,
        0.00621724734082818,
        0.34708672761917114,
        0.0039728619158267975,
        4839.66748046875,
        29.09550666809082,
        54.060691833496094,
        -0.0043551200069487095
    ],
    "std_val": [
        864.6693725585938,
        74.39598083496094,
        1.439977765083313,
        18.28720474243164,
        19.46089744567871,
        0.0034025106579065323,
        1.9078525304794312,
        2.6856167316436768,
        2202.251953125,
        215.25347900390625,
        26.139312744140625,
        0.153432235121727
    ],
    "mean_test": [
        958.5603637695312,
        177.1478729248047,
        3.6443521976470947,
        281.76312255859375,
        297.6986999511719,
        0.006228755693882704,
        0.4223937690258026,
        -1.2754186391830444,
        5334.2998046875,
        25.687423706054688,
        54.5244026184082,
        -0.0029285310301929712
    ],
    "std_test": [
        858.2754516601562,
        2281.057373046875,
        1.1514359712600708,
        13.801041603088379,
        14.815532684326172,
        0.003484102664515376,
        1.6736785173416138,
        2.367572784423828,
        2124.5009765625,
        214.19580078125,
        25.705028533935547,
        0.1474793255329132
    ]
}